Severity,CVSS Score
HIGH,8.100900900900902
LOW,2.0845454545454545
MEDIUM,5.008969210174029
UNKNOWN,6.252848423194303
